City_ID,City,Country,Date,Lat,Lng,Max Temp,Humidity,Cloudiness,Wind Speed
0,Sicamous,CA,4/11/22 15:10,50.8331,-118.9856,32.88,58,98,5.23
1,Castro,BR,4/11/22 15:12,-24.7911,-50.0119,77.05,56,59,6.71
2,Fare,PF,4/11/22 15:12,-16.7,-151.0167,80.31,76,9,13.29
3,Tocopilla,CL,4/11/22 15:12,-22.092,-70.1979,68.27,64,4,6.33
4,Tuktoyaktuk,CA,4/11/22 15:12,69.4541,-133.0374,-15.02,100,75,5.86
5,Ponta Do Sol,PT,4/11/22 15:12,32.6667,-17.1,67.01,63,100,14.99
6,Bosaso,SO,4/11/22 15:12,11.2842,49.1816,82.65,70,0,4.41
7,Apiai,BR,4/11/22 15:12,-24.5094,-48.8425,76.96,47,71,3
8,Rikitea,PF,4/11/22 15:12,-23.1203,-134.9692,78.91,73,2,19.39
9,Saint-Augustin,CA,4/11/22 15:12,51.226,-58.6502,35.44,92,84,19.19
10,Punta Arenas,CL,4/11/22 15:08,-53.15,-70.9167,46.51,87,75,16.11
11,Ancud,CL,4/11/22 15:12,-41.8697,-73.8203,52.23,85,100,8.08
12,Port Alfred,ZA,4/11/22 15:13,-33.5906,26.891,71.19,79,100,7
13,Clyde River,CA,4/11/22 15:13,70.4692,-68.5914,2.48,92,85,1.59
14,Albany,US,4/11/22 15:09,42.6001,-73.9662,49.03,47,0,3.49
15,Vanimo,PG,4/11/22 15:13,-2.6741,141.3028,78.66,89,22,7.9
16,Cartagena Del Chaira,CO,4/11/22 15:13,1.3349,-74.8429,80.96,76,97,1.23
17,Fortuna,US,4/11/22 15:13,40.5982,-124.1573,45.66,86,75,23.02
18,Hammerfest,NO,4/11/22 15:13,70.6634,23.6821,34.25,93,75,17.27
19,Barrow,US,4/11/22 15:13,71.2906,-156.7887,21.22,86,100,9.22
20,Tutoia,BR,4/11/22 15:13,-2.7619,-42.2744,81.14,87,95,6.51
21,Vardo,NO,4/11/22 15:13,70.3705,31.1107,37.38,81,75,11.5
22,Nanortalik,GL,4/11/22 15:13,60.1432,-45.2371,34.88,54,89,6.26
23,Busselton,AU,4/11/22 15:13,-33.65,115.3333,58.78,79,7,10.76
24,Necochea,AR,4/11/22 15:13,-38.5473,-58.7368,61,92,100,8.72
25,Aklavik,CA,4/11/22 15:13,68.2191,-135.0107,-11.58,96,46,2.21
26,Aguimes,ES,4/11/22 15:13,27.9054,-15.4461,68.63,53,75,17.27
27,Nikolskoye,RU,4/11/22 15:13,59.7035,30.7861,46.87,77,100,5.3
28,Meulaboh,ID,4/11/22 15:13,4.1363,96.1285,76.82,89,93,8.55
29,Narsaq,GL,4/11/22 15:13,60.9167,-46.05,43.02,39,48,8.84
30,Constantine,DZ,4/11/22 15:13,36.365,6.6147,80.01,25,0,12.66
31,Lebu,CL,4/11/22 15:13,-37.6167,-73.65,54.55,61,45,3.76
32,Namibe,AO,4/11/22 15:13,-15.1961,12.1522,75.7,70,4,9.51
33,Souillac,MU,4/11/22 15:13,-20.5167,57.5167,77.61,81,77,17.54
34,Ushuaia,AR,4/11/22 15:13,-54.8,-68.3,44.22,87,75,19.57
35,Santa Cruz De Tenerife,ES,4/11/22 15:13,28.4682,-16.2546,69.4,72,75,12.66
36,Vila Velha,BR,4/11/22 15:08,-20.3297,-40.2925,85.95,74,40,16.11
37,Jamestown,US,4/11/22 15:12,42.097,-79.2353,50.18,40,0,12.66
38,Pisco,PE,4/11/22 15:13,-13.7,-76.2167,73.45,60,0,14.97
39,Latung,PH,4/11/22 15:13,5.5,120.8833,82.27,76,100,10
40,Tasiilaq,GL,4/11/22 15:13,65.6145,-37.6368,26.76,67,53,3.8
41,Qaanaaq,GL,4/11/22 15:13,77.484,-69.3632,-2.22,73,54,4.45
42,Mataura,NZ,4/11/22 15:13,-46.1927,168.8643,50.49,99,100,3.06
43,Port Hawkesbury,CA,4/11/22 15:11,45.6169,-61.3485,41.92,95,100,13.8
44,Young,UY,4/11/22 15:13,-32.6833,-57.6333,75.54,72,61,8.75
45,Mopti,ML,4/11/22 15:14,14.6667,-4,106.93,5,56,1.81
46,Tiksi,RU,4/11/22 15:14,71.6872,128.8694,-11.76,99,50,8.08
47,Morrope,PE,4/11/22 15:14,-6.5417,-80.0111,69.91,70,91,11.12
48,Taltal,CL,4/11/22 15:09,-25.4,-70.4833,66,62,0,5.99
49,Gravelbourg,CA,4/11/22 15:14,49.8834,-106.5512,28.26,49,94,18.1
50,Warrensburg,US,4/11/22 15:10,38.7628,-93.7361,55.38,63,100,10.36
51,Atuona,PF,4/11/22 15:14,-9.8,-139.0333,78.87,78,23,17.45
52,Kodiak,US,4/11/22 15:14,57.79,-152.4072,26.11,68,0,3.44
53,Unhel,IN,4/11/22 15:14,23.3333,75.5667,92.75,20,100,8.16
54,Kapaa,US,4/11/22 15:14,22.0752,-159.319,71.92,97,75,10.36
55,Pangody,RU,4/11/22 15:14,65.85,74.4859,34,100,100,9.04
56,Isangel,VU,4/11/22 15:14,-19.55,169.2667,79.11,79,14,6.76
57,Novoselitskoye,RU,4/11/22 15:14,44.7508,43.4369,65.14,52,1,15.52
58,Ribeira Grande,PT,4/11/22 15:14,38.5167,-28.7,61.2,82,75,18.41
59,Cabedelo,BR,4/11/22 15:14,-6.9811,-34.8339,84.58,60,100,9.73
60,Zafra,ES,4/11/22 15:14,38.4167,-6.4167,53.67,86,99,15.68
61,Hilo,US,4/11/22 15:14,19.7297,-155.09,71.33,88,100,4.61
62,Sorland,NO,4/11/22 15:14,67.667,12.6934,40.21,78,18,13.76
63,Chuy,UY,4/11/22 15:14,-33.6971,-53.4616,72.18,81,98,11.45
64,Tahta,EG,4/11/22 15:14,26.7693,31.5021,91.47,11,0,21.45
65,Khatanga,RU,4/11/22 15:14,71.9667,102.5,-11.25,100,89,1.86
66,Cabo San Lucas,MX,4/11/22 15:14,22.8909,-109.9124,72.05,70,20,12.66
67,Komsomolskiy,UZ,4/11/22 15:14,40.4272,71.7189,77.31,21,88,5.35
68,Bengkulu,ID,4/11/22 15:14,-3.8004,102.2655,78.15,82,12,3.22
69,Henties Bay,NA,4/11/22 15:14,-22.116,14.2845,68.67,66,1,10.56
70,Puerto Ayora,EC,4/11/22 15:13,-0.7393,-90.3518,84.16,91,100,4
71,Kasongo,CD,4/11/22 15:14,-4.45,26.6667,76.55,83,100,4.12
72,Kruisfontein,ZA,4/11/22 15:14,-34.0033,24.7314,73.89,64,45,16.46
73,Hobart,AU,4/11/22 15:14,-42.8794,147.3294,49.86,78,75,12.66
74,Butaritari,KI,4/11/22 15:14,3.0707,172.7902,79.63,80,76,5.79
75,Vaini,TO,4/11/22 15:14,-21.2,-175.2,77.16,94,100,6.91
76,Solnechnyy,RU,4/11/22 15:14,50.7214,136.6319,24.89,96,88,5.61
77,Hithadhoo,MV,4/11/22 15:14,-0.6,73.0833,84.45,66,22,12.86
78,Nemuro,JP,4/11/22 15:14,43.3236,145.575,38.08,97,100,6.15
79,Dikson,RU,4/11/22 15:14,73.5069,80.5464,0.66,92,90,8.57
80,Saskylakh,RU,4/11/22 15:14,71.9167,114.0833,-10.32,100,96,2.91
81,Bredasdorp,ZA,4/11/22 15:14,-34.5322,20.0403,74.34,53,1,11.39
82,Los Llanos De Aridane,ES,4/11/22 15:14,28.6585,-17.9182,65.95,75,75,11.5
83,Santa Vitoria,BR,4/11/22 15:14,-18.8386,-50.1214,89.06,45,0,3.44
84,Lompoc,US,4/11/22 15:14,34.6391,-120.4579,53.13,84,40,23
85,Anantapur,IN,4/11/22 15:14,14.6833,77.6,94.42,24,93,13.51
86,Tevaitoa,PF,4/11/22 15:14,-16.7833,-151.5,81.25,74,6,14.5
87,Carnarvon,AU,4/11/22 15:15,-24.8667,113.6333,68.07,64,54,11.5
88,Poum,NC,4/11/22 15:15,-20.2333,164.0167,78.82,75,9,9.28
89,Sillod,IN,4/11/22 15:15,20.3,75.65,91.98,18,48,7.94
90,Saint-Pierre,RE,4/11/22 15:15,-21.3393,55.4781,76.91,72,0,21.85
91,Kungurtug,RU,4/11/22 15:15,50.5994,97.5228,17.6,89,52,2.95
92,Geraldton,AU,4/11/22 15:15,-28.7667,114.6,57.61,88,9,5.75
93,Zabid,YE,4/11/22 15:15,14.1951,43.3152,90.07,40,0,14.56
94,Makakilo City,US,4/11/22 15:10,21.3469,-158.0858,72.68,76,0,5.75
95,Asau,RO,4/11/22 15:15,46.4333,26.4,47.95,45,100,8.21
96,Mandalgovi,MN,4/11/22 15:15,45.7625,106.2708,28.76,50,100,6.58
97,Tubuala,PA,4/11/22 15:15,9.5167,-79.0333,81.14,78,100,17.05
98,Klaksvik,FO,4/11/22 15:15,62.2266,-6.589,40.12,71,100,22.97
99,Atar,MR,4/11/22 15:15,20.5169,-13.0499,100.08,5,36,10.78
100,Katsuura,JP,4/11/22 15:15,35.1333,140.3,61.97,88,100,12.55
101,Bluff,NZ,4/11/22 15:15,-46.6,168.3333,49.8,82,100,4.14
102,Puro,PH,4/11/22 15:15,12.4841,123.3827,77.04,94,100,10.4
103,San Ignacio,BZ,4/11/22 15:15,17.1561,-89.0714,80.74,74,40,6.91
104,New Norfolk,AU,4/11/22 15:15,-42.7826,147.0587,49.5,66,52,1.01
105,Portland,US,4/11/22 15:12,45.5234,-122.6762,37.53,93,100,8.05
106,Saldanha,ZA,4/11/22 15:15,-33.0117,17.9442,70.25,53,0,10.6
107,Lipnita,RO,4/11/22 15:15,44.1,27.6,54.16,39,99,15.05
108,Natal,BR,4/11/22 15:15,-5.795,-35.2094,88.02,62,20,14.97
109,Hermanus,ZA,4/11/22 15:15,-34.4187,19.2345,81.81,59,0,3.49
110,Pevek,RU,4/11/22 15:15,69.7008,170.3133,-24.47,100,68,7.87
111,Newcastleton,GB,4/11/22 15:15,55.1796,-2.8127,55.04,64,96,16.69
112,Dudinka,RU,4/11/22 15:15,69.4058,86.1778,-6.11,94,32,6.82
113,East London,ZA,4/11/22 15:11,-33.0153,27.9116,67.98,85,100,19.39
114,Thompson,CA,4/11/22 15:15,55.7435,-97.8558,26.76,80,75,5.75
115,Bolotnoye,RU,4/11/22 15:15,55.6717,84.3981,20.95,93,100,2.24
116,Bloemfontein,ZA,4/11/22 15:15,-29.1211,26.214,60.28,63,40,4.61
117,Kayerkan,RU,4/11/22 15:15,69.3497,87.7602,-7.29,96,6,5.95
118,San Quintin,MX,4/11/22 15:15,30.4833,-115.95,59.4,71,9,3.53
119,Tura,IN,4/11/22 15:15,25.5198,90.2201,72.43,82,0,5.35
120,Arraial Do Cabo,BR,4/11/22 15:15,-22.9661,-42.0278,82.36,65,40,11.5
121,Lorengau,PG,4/11/22 15:15,-2.0226,147.2712,82.31,77,9,11.32
122,Broken Hill,AU,4/11/22 15:15,-31.95,141.4333,68.72,50,0,13.42
123,Faridpur,BD,4/11/22 15:15,23.6,89.8333,85.24,64,6,14.99
124,Mezhdurechensk,RU,4/11/22 15:15,53.6942,88.0603,22.15,95,31,1.77
125,Nelson Bay,AU,4/11/22 15:15,-32.7167,152.15,72,95,29,11.5
126,Mahebourg,MU,4/11/22 15:15,-20.4081,57.7,77.29,83,75,12.66
127,Esperance,AU,4/11/22 15:15,-33.8667,121.9,62.44,93,100,10.56
128,Pilar,BR,4/11/22 15:15,-9.5972,-35.9567,85.93,62,100,5.55
129,Mnogovershinnyy,RU,4/11/22 15:15,53.9353,139.9242,20.93,95,100,8.77
130,Monrovia,LR,4/11/22 15:12,6.3005,-10.7969,85.77,66,91,9.15
131,Aksu,CN,4/11/22 15:15,41.1231,80.2644,69.33,22,100,9.17
132,Melendugno,IT,4/11/22 15:16,40.2747,18.3368,59.09,51,0,16.11
133,Palana,RU,4/11/22 15:16,59.1167,159.9667,10.18,94,100,9.53
134,Iwamizawa,JP,4/11/22 15:16,43.2003,141.7597,51.64,77,79,4.63
135,Waddan,LY,4/11/22 15:16,29.1614,16.139,79.45,22,0,11.23
136,Bambous Virieux,MU,4/11/22 15:16,-20.3428,57.7575,77.25,83,75,12.66
137,Rocha,UY,4/11/22 15:16,-34.4833,-54.3333,68.79,93,100,12.46
138,Cape Town,ZA,4/11/22 15:15,-33.9258,18.4232,81.91,39,0,12.66
139,Rochegda,RU,4/11/22 15:16,62.8,43.25,39.06,97,88,5.48
140,Miraflores,MX,4/11/22 15:16,19.2167,-98.8083,66.02,47,97,2.04
141,Yellowknife,CA,4/11/22 15:16,62.456,-114.3525,10.92,67,100,16.11
142,Sitka,US,4/11/22 15:16,57.0531,-135.33,35.49,41,40,25.32
143,Victor Harbor,AU,4/11/22 15:16,-35.5667,138.6167,60.01,75,74,11.5
144,Harper,LR,4/11/22 15:16,4.375,-7.7169,84.88,70,66,8.34
145,Kokemaki,FI,4/11/22 15:16,61.2565,22.3564,40.78,76,49,8.7
146,Montrose,US,4/11/22 15:16,38.4166,-108.2673,41.72,22,69,12.19
147,Itarema,BR,4/11/22 15:16,-2.9248,-39.9167,83.21,77,92,7.78
148,Itoman,JP,4/11/22 15:16,26.1247,127.6694,73.78,92,20,11.5
149,Madera,US,4/11/22 15:16,37.1666,-119.8343,55.53,69,83,5.64
150,Luderitz,NA,4/11/22 15:16,-26.6481,15.1594,73.56,53,5,4.34
151,Codrington,AU,4/11/22 15:16,-38.2667,141.9667,53.35,64,99,6.6
152,Coquimbo,CL,4/11/22 15:16,-29.9533,-71.3436,55.13,94,100,10.36
153,Port Lincoln,AU,4/11/22 15:16,-34.7333,135.8667,62.47,74,100,14.47
154,Altamont,US,4/11/22 15:16,42.2068,-121.7372,30.76,87,75,29.93
155,Abu Dhabi,AE,4/11/22 15:15,24.4667,54.3667,84.22,66,0,4.61
156,Tanete,ID,4/11/22 15:16,-3.9443,119.7848,74.19,92,23,2.86
157,Provideniya,RU,4/11/22 15:16,64.3833,-173.3,20.19,91,95,8.93
158,Saint George,US,4/11/22 15:12,37.1041,-113.5841,46.99,21,0,3.44
159,Takoradi,GH,4/11/22 15:16,4.8845,-1.7554,86.41,66,96,11.99
160,Kharakvasla,IN,4/11/22 15:16,18.4333,73.7667,84.9,37,65,7.43
161,Port Elizabeth,ZA,4/11/22 15:16,-33.918,25.5701,75.09,84,0,11.5
162,Salalah,OM,4/11/22 15:16,17.0151,54.0924,82.49,83,0,5.75
163,Waitati,NZ,4/11/22 15:16,-45.75,170.5667,61,57,100,4.59
164,Bilma,NE,4/11/22 15:16,18.6853,12.9164,106.32,3,5,6.58
165,Esik,KZ,4/11/22 15:16,43.3552,77.4525,56.62,55,100,5.95
166,Ust-Nera,RU,4/11/22 15:16,64.5667,143.2,-10.88,95,27,3.4
167,Evensk,RU,4/11/22 15:16,61.95,159.2333,5,76,100,11.68
168,Hasaki,JP,4/11/22 15:16,35.7333,140.8333,61.29,86,100,15.66
169,Vakhrushev,RU,4/11/22 15:16,48.9833,142.9667,31.44,99,100,6.8
170,San Martin,AR,4/11/22 15:16,-33.081,-68.4681,59.54,33,0,1.99
171,Turukhansk,RU,4/11/22 15:16,65.8167,87.9833,11.77,92,99,6.42
172,Severo-Kurilsk,RU,4/11/22 15:17,50.6789,156.125,26.38,79,38,9.13
173,Faanui,PF,4/11/22 15:17,-16.4833,-151.75,82.18,67,40,14.41
174,Cayenne,GF,4/11/22 15:17,4.9333,-52.3333,86.04,1,75,16.11
175,Mackenzie,CA,4/11/22 15:17,55.2999,-123.1698,26.82,54,75,4.61
176,Chokurdakh,RU,4/11/22 15:17,70.6333,147.9167,-2.72,95,100,7.74
177,Avarua,CK,4/11/22 15:17,-21.2078,-159.775,75.25,100,20,2.3
178,Norman Wells,CA,4/11/22 15:18,65.282,-126.8329,6.49,94,100,6.87
179,Morehead,US,4/11/22 15:18,37.2711,-87.1764,63,68,100,12.66
180,Airai,TL,4/11/22 15:18,-8.9266,125.4092,59.95,64,100,1.86
181,Muli,MV,4/11/22 15:18,2.9167,73.5667,85.06,70,28,11.99
182,Yangambi,CD,4/11/22 15:18,0.8102,24.4336,80.89,61,97,0.96
183,Devarkonda,IN,4/11/22 15:18,16.7,78.9333,90.61,34,99,7.47
184,Viedma,AR,4/11/22 15:18,-40.8135,-62.9967,54.48,74,100,9.57
185,Swidwin,PL,4/11/22 15:18,53.7746,15.7767,46.35,51,89,11.45
186,Camopi,GF,4/11/22 15:18,3.1655,-52.3158,82.44,77,98,5.59
187,Port Macquarie,AU,4/11/22 15:18,-31.4333,152.9167,63.9,90,19,9.4
188,Grand-Lahou,CI,4/11/22 15:18,5.1367,-5.0242,86.52,67,92,10.71
189,Nova Olinda Do Norte,BR,4/11/22 15:18,-3.8881,-59.0942,87.42,61,87,4.25
190,Opuwo,NA,4/11/22 15:18,-18.0607,13.84,88.93,26,93,7.85
191,Ambam,CM,4/11/22 15:18,2.3833,11.2833,83.25,59,99,1.99
192,Kastornoye,RU,4/11/22 15:18,51.8334,38.1302,63.52,55,99,9.8
193,Didsbury,GB,4/11/22 15:18,53.417,-2.2315,60.57,41,100,9.22
194,Ankazoabo,MG,4/11/22 15:18,-22.2833,44.5167,81.73,37,71,14.58
195,Shenjiamen,CN,4/11/22 15:18,29.9576,122.298,60.33,99,100,10.74
196,Neyyattinkara,IN,4/11/22 15:13,8.4,77.0833,80.46,87,100,5.17
197,Georgetown,MY,4/11/22 15:15,5.4112,100.3354,82.33,83,20,0
198,Lumphat,KH,4/11/22 15:18,13.4878,106.9816,84.45,52,91,3.02
199,Ballina,AU,4/11/22 15:18,-28.8667,153.5667,66.02,99,15,6.2
200,Dingle,PH,4/11/22 15:18,10.9995,122.6711,74.55,95,100,10
201,Hualmay,PE,4/11/22 15:18,-11.0964,-77.6139,70.99,79,91,8.7
202,Bethel,US,4/11/22 15:18,41.3712,-73.414,54.46,49,0,5.99
203,Saint-Philippe,RE,4/11/22 15:18,-21.3585,55.7679,76.59,84,66,16.04
204,Mount Vernon,US,4/11/22 15:18,40.9126,-73.8371,54.86,44,20,4.61
205,Dickinson,US,4/11/22 15:18,29.4608,-95.0513,78.06,81,75,18.41
206,Neuquen,AR,4/11/22 15:18,-38.9516,-68.0591,57.09,41,0,11.5
207,Mecca,SA,4/11/22 15:13,21.4267,39.8261,94.17,21,0,11.07
208,Chapleau,CA,4/11/22 15:15,47.8405,-83.4034,37,78,100,17.2
209,Ozu,JP,4/11/22 15:18,33.5,132.55,63.18,92,100,4.12
210,Beringovskiy,RU,4/11/22 15:18,63.05,179.3167,22.64,97,100,4.68
211,Naze,JP,4/11/22 15:18,28.3667,129.4833,67.12,92,100,8.19
212,Kulhudhuffushi,MV,4/11/22 15:18,6.6221,73.07,84.74,73,46,11.52
213,Chapais,CA,4/11/22 15:18,49.7834,-74.8492,33.58,90,83,4.09
214,Kamarion,GR,4/11/22 15:18,36.8,25.8167,56.75,62,38,31.79
215,Merauke,ID,4/11/22 15:18,-8.4667,140.3333,82.33,85,100,11.95
216,Massaguet,TD,4/11/22 15:18,12.4755,15.4365,105.78,12,99,6.2
217,Upernavik,GL,4/11/22 15:18,72.7868,-56.1549,14.23,91,100,6.67
218,Orchard Homes,US,4/11/22 15:18,46.8633,-114.0484,33.94,62,75,20.71
219,Fort Nelson,CA,4/11/22 15:15,58.8053,-122.7002,10.87,84,100,7.34
220,Juneau,US,4/11/22 15:18,58.3019,-134.4197,31.98,41,40,14.97
221,Churapcha,RU,4/11/22 15:18,62.0025,132.4325,10.51,98,99,2.37
222,Darhan,MN,4/11/22 15:18,49.4867,105.9228,36.1,39,100,5.39
223,Novato,US,4/11/22 15:18,38.1074,-122.5697,53.87,92,100,17.27
224,Luwuk,ID,4/11/22 15:18,-0.9516,122.7875,77,68,68,3.42
225,Samarai,PG,4/11/22 15:19,-10.6167,150.6667,83.97,76,87,12.75
226,Saint Anthony,US,4/11/22 15:15,45.0205,-93.218,49.01,61,0,16.11
227,Lasa,IT,4/11/22 15:19,46.6166,10.7002,58.69,65,40,2.89
228,Hambantota,LK,4/11/22 15:19,6.1241,81.1185,79.65,86,100,8.37
229,Kenora,CA,4/11/22 15:19,49.8167,-94.4337,40.17,65,40,5.75
230,Manicore,BR,4/11/22 15:19,-5.8092,-61.3003,87.75,56,99,3.44
231,Dunedin,NZ,4/11/22 15:19,-45.8742,170.5036,57.79,72,100,11.99
232,Adrar,MR,4/11/22 15:19,20.5022,-10.0711,101.37,4,2,13.18
233,Vore,AL,4/11/22 15:19,41.3908,19.655,58.42,33,0,14.97
234,Ilulissat,GL,4/11/22 15:19,69.2167,-51.1,26.62,54,75,3.44
235,Aswan,EG,4/11/22 15:19,24.0934,32.907,103.28,7,0,13.2
236,Lagoa,PT,4/11/22 15:19,39.05,-27.9833,58.73,89,100,22.28
237,Strezhevoy,RU,4/11/22 15:19,60.7333,77.5889,29.53,99,96,5.28
238,Plettenberg Bay,ZA,4/11/22 15:19,-34.0527,23.3716,70.79,74,29,12.66
239,College,US,4/11/22 15:19,64.8569,-147.8028,24.8,83,40,0
240,Varhaug,NO,4/11/22 15:19,58.6147,5.6457,45.95,67,100,16.82
241,Zhaodong,CN,4/11/22 15:19,46.0833,125.9833,41.41,57,91,9.01
242,Cidreira,BR,4/11/22 15:19,-30.1811,-50.2056,69.57,90,100,14.88
243,Chenghai,CN,4/11/22 15:19,23.4632,116.768,71.51,88,20,2.24
244,Nikel,RU,4/11/22 15:19,69.4128,30.222,35.78,86,98,7.99
245,Muros,ES,4/11/22 15:19,42.7762,-9.0603,57.69,80,100,19.06
246,Tombouctou,ML,4/11/22 15:19,20,-3,102.31,3,0,13.29
247,Vestmanna,FO,4/11/22 15:19,62.1564,-7.1664,38.32,70,75,21.85
248,Lucea,JM,4/11/22 15:19,18.451,-78.1736,84.85,70,72,19.33
249,Ankara,TR,4/11/22 15:18,39.9199,32.8543,54.52,66,75,14.97
250,Ahipara,NZ,4/11/22 15:19,-35.1667,173.1667,63.1,90,100,7.81
251,Willowmore,ZA,4/11/22 15:19,-33.2926,23.4895,72.37,38,74,12.06
252,Quincy,US,4/11/22 15:19,42.2529,-71.0023,55.8,46,0,11.5
253,Progreso,MX,4/11/22 15:19,21.2833,-89.6667,81.1,57,4,14.41
254,Northam,GB,4/11/22 15:19,51.0333,-4.2167,60.66,80,100,15.55
255,Vao,NC,4/11/22 15:19,-22.6667,167.4833,76.08,81,14,14.36
256,Lavrentiya,RU,4/11/22 15:19,65.5833,-171,13.28,100,98,4.36
257,Sambava,MG,4/11/22 15:19,-14.2667,50.1667,78.62,82,36,13.71
258,Oyama,JP,4/11/22 15:19,36.3,139.8,67.59,73,100,4.36
259,Uaua,BR,4/11/22 15:19,-9.8414,-39.4817,92.73,33,2,7.23
260,Lodja,CD,4/11/22 15:19,-3.4833,23.4333,83.16,61,97,2.62
261,Mikun,RU,4/11/22 15:19,62.3547,50.0771,38.98,100,100,6.8
262,Pinheiro Machado,BR,4/11/22 15:19,-31.5783,-53.3811,69.06,84,100,11.32
263,Nara,JP,4/11/22 15:19,34.6851,135.8049,63.5,65,100,3
264,Saint-Esteve,FR,4/11/22 15:19,42.7131,2.843,59.81,75,0,23.02
265,San Jeronimo,PE,4/11/22 15:19,-11.9472,-75.2829,57.69,64,20,2.08
266,Buala,SB,4/11/22 15:19,-8.145,159.5921,79.77,81,87,5.28
267,Baykalsk,RU,4/11/22 15:19,51.5058,104.1469,25.74,87,100,6.62
268,Ilhabela,BR,4/11/22 15:15,-23.7781,-45.3581,79,72,74,6.62
269,Moron,AR,4/11/22 15:19,-34.6534,-58.6198,70,70,100,4.9
270,Los Lunas,US,4/11/22 15:20,34.8062,-106.7334,61.66,38,3,1.01
271,Voitsberg,AT,4/11/22 15:20,47.0333,15.15,58.14,65,20,5.79
272,Bonnyville,CA,4/11/22 15:20,54.2668,-110.735,15.12,72,100,17.22
273,Maldonado,UY,4/11/22 15:20,-34.6667,-54.9167,70.23,93,99,12.21
274,Clermont,FR,4/11/22 15:20,49.5,2.4167,65.71,57,100,11.97
275,Yaan,NG,4/11/22 15:20,7.3833,8.5667,102.24,26,22,1.48
276,Laguna,US,4/11/22 15:20,38.421,-121.4238,53.06,81,100,13.8
277,Price,US,4/11/22 15:18,39.5994,-110.8107,42.12,19,0,5.75
278,Tessalit,ML,4/11/22 15:20,20.1986,1.0114,102.02,4,0,15.1
279,Vila Franca Do Campo,PT,4/11/22 15:20,37.7167,-25.4333,61.21,82,98,13.31
280,Banikoara,BJ,4/11/22 15:20,11.2985,2.4386,103.39,18,71,3.27
281,Hobyo,SO,4/11/22 15:20,5.3505,48.5268,84.15,68,7,12.55
282,Bahia Blanca,AR,4/11/22 15:20,-38.7196,-62.2724,59.34,66,79,5.66
283,Port Hardy,CA,4/11/22 15:20,50.6996,-127.4199,41,65,20,6.91
284,Chingirlau,KZ,4/11/22 15:20,51.095,54.0814,53.49,76,85,9.13
285,Mirnyy,RU,4/11/22 15:20,62.5353,113.9611,26.24,33,100,7
286,Tabou,CI,4/11/22 15:20,4.423,-7.3528,85.55,68,58,9.62
287,Torbay,CA,4/11/22 15:20,47.6666,-52.7314,37.76,95,100,13.8
288,Mar Del Plata,AR,4/11/22 15:20,-38.0023,-57.5575,66.22,99,75,8.05
289,Bissau,GW,4/11/22 15:20,11.8636,-15.5977,96.91,26,0,8.05
290,Tingo Maria,PE,4/11/22 15:20,-9.2895,-76.0088,79.11,73,20,2.3
291,Fenoarivo,MG,4/11/22 15:20,-18.933,47.4354,64.47,72,40,11.5
292,Beloha,MG,4/11/22 15:20,-25.1667,45.05,73.89,80,71,19.01
293,Kailua,US,4/11/22 15:20,21.4022,-157.7394,74.14,84,68,3
294,Pangnirtung,CA,4/11/22 15:20,66.1451,-65.7125,19.4,63,20,2.3
295,Vozdvizhenka,RU,4/11/22 15:20,43.9,131.95,48.07,94,100,8.12
296,Maragogi,BR,4/11/22 15:20,-9.0122,-35.2225,83.21,65,95,5.17
297,Micheweni,TZ,4/11/22 15:20,-4.9667,39.8333,84.81,67,78,12.01
298,Etchoropo,MX,4/11/22 15:20,26.7667,-109.6667,70.43,76,3,14.52
299,Amparafaravola,MG,4/11/22 15:20,-17.5833,48.2167,66.78,81,21,10.56
300,Skjervoy,NO,4/11/22 15:20,70.0311,20.9714,35.6,99,100,22.97
301,Kinston,US,4/11/22 15:17,35.2627,-77.5816,72.93,35,0,4.61
302,Srandakan,ID,4/11/22 15:20,-7.9386,110.2506,78.69,84,26,4.45
303,Mayumba,GA,4/11/22 15:20,-3.432,10.6554,81.45,79,98,6.67
304,Boguchany,RU,4/11/22 15:20,58.3814,97.4531,28.4,93,100,3.09
305,Cherskiy,RU,4/11/22 15:20,68.75,161.3,-13.88,97,98,7.78
306,Kaliua,TZ,4/11/22 15:20,-5.0606,31.7936,77.09,67,92,4.79
307,Anamur,TR,4/11/22 15:20,36.0751,32.8369,58.75,70,19,22.73
308,Socorro,US,4/11/22 15:20,31.6546,-106.3033,69.06,32,0,19.57
309,Nenjiang,CN,4/11/22 15:20,49.1833,125.2167,34.93,74,100,5.7
310,Dalby,AU,4/11/22 15:20,-27.1833,151.2667,70.45,65,22,5.1
311,Sterling,US,4/11/22 15:18,39.0062,-77.4286,57.52,50,40,8.05
312,Matara,LK,4/11/22 15:20,5.9485,80.5353,80.53,82,99,7.11
313,Fairbanks,US,4/11/22 15:19,64.8378,-147.7164,24.82,83,0,1.01
314,Shingu,JP,4/11/22 15:20,33.7333,135.9833,59.67,85,100,3.2
315,Srednekolymsk,RU,4/11/22 15:20,67.45,153.6833,-13.11,100,38,4.54
316,Savannah Bight,HN,4/11/22 15:21,16.45,-85.85,79.77,78,35,15.59
317,Ketchikan,US,4/11/22 15:21,55.3422,-131.6461,37.87,60,100,12.66
318,Coihaique,CL,4/11/22 15:21,-45.5752,-72.0662,52.41,81,75,6.91
319,Loharu,IN,4/11/22 15:21,28.45,75.8167,92.43,10,98,7.29
320,Miracema Do Tocantins,BR,4/11/22 15:21,-9.5618,-48.3967,91.06,55,0,2.46
321,Maniitsoq,GL,4/11/22 15:21,65.4167,-52.9,31.98,68,100,4.72
322,Gat,IL,4/11/22 15:21,31.61,34.7642,67.82,100,0,14.14
323,Lewiston,US,4/11/22 15:21,44.1003,-70.2148,55.74,47,20,8.05
324,Olafsvik,IS,4/11/22 15:21,64.8945,-23.7142,35.04,75,13,22.24
325,Sinnamary,GF,4/11/22 15:21,5.3833,-52.95,79.83,85,99,12.8
326,Sayyan,YE,4/11/22 15:21,15.1718,44.3244,71.76,17,4,11.88
327,Porto Uniao,BR,4/11/22 15:21,-26.2381,-51.0783,67.33,95,100,1.59
328,Camacupa,AO,4/11/22 15:21,-12.0167,17.4833,70.34,70,84,1.66
329,Buraydah,SA,4/11/22 15:19,26.326,43.975,99.05,7,96,12.39
330,Dauriya,RU,4/11/22 15:21,49.9333,116.8667,31.93,62,7,5.86
331,Prachuap Khiri Khan,TH,4/11/22 15:21,12.2167,99.75,72.79,90,100,2.39
332,Rio Gallegos,AR,4/11/22 15:22,-51.6226,-69.2181,51.85,58,75,13.8
333,Kyra,RU,4/11/22 15:22,49.5776,111.9753,27.41,58,84,6.08
334,Tuatapere,NZ,4/11/22 15:22,-46.1333,167.6833,50.95,93,100,5.75
335,Nicolas Bravo,MX,4/11/22 15:22,18.45,-88.9167,79.66,63,99,6.58
336,Whitehorse,CA,4/11/22 15:22,60.7161,-135.0538,13.01,55,20,5.01
337,Gizo,SB,4/11/22 15:22,-8.103,156.8419,81.61,78,86,7.99
338,Snyder,US,4/11/22 15:18,32.7179,-100.9176,64.31,25,0,11.5
339,Sovetskiy,RU,4/11/22 15:22,61.3614,63.5842,38.41,99,93,7.07
340,Pueblo,US,4/11/22 15:18,38.2545,-104.6091,46.85,37,4,1.01
341,Manyana,BW,4/11/22 15:22,-23.4,21.7167,81.75,32,5,6.91
342,Tolaga Bay,NZ,4/11/22 15:22,-38.3667,178.3,53.78,85,100,4.29
343,Orumiyeh,IR,4/11/22 15:22,37.5527,45.0761,67.55,24,20,13.8
344,Lubango,AO,4/11/22 15:22,-14.9172,13.4925,66.16,77,88,2.82
345,Lavumisa,SZ,4/11/22 15:22,-27.31,31.892,70.81,81,41,6.78
346,Quang Ngai,VN,4/11/22 15:22,15.1167,108.8,72,93,69,3.44
347,Caucaia,BR,4/11/22 15:22,-3.7361,-38.6531,78.75,89,75,4.61
348,Klyuchi,RU,4/11/22 15:22,52.2667,79.1667,40.53,47,9,11.92
349,Kaitangata,NZ,4/11/22 15:22,-46.2817,169.8464,51.17,95,99,7.83
350,Destin,US,4/11/22 15:22,30.3935,-86.4958,73.4,69,0,12.66
351,Muncar,ID,4/11/22 15:22,-8.4333,114.3333,75.87,83,79,0.81
352,Hameenlinna,FI,4/11/22 15:22,60.996,24.4643,40.71,78,97,8.34
353,Prince George,CA,4/11/22 15:22,53.9166,-122.753,33.26,51,0,16.11
354,Svetlyy,RU,4/11/22 15:22,54.675,20.1347,43.97,60,17,7.96
355,Linda,US,4/11/22 15:22,39.1277,-121.5508,51.76,67,100,28.77
356,Touros,BR,4/11/22 15:22,-5.1989,-35.4608,87.76,57,98,12.93
357,Kang,BW,4/11/22 15:22,-23.6752,22.7876,74.1,57,85,8.43
358,Biak,ID,4/11/22 15:22,-0.9131,122.8766,76.5,73,56,2.71
359,Daye,CN,4/11/22 15:22,30.0833,114.95,74.77,64,0,6.22
360,Cabatuan,PH,4/11/22 15:22,10.8794,122.486,74.93,93,100,3.49
361,Talara,PE,4/11/22 15:22,-4.5772,-81.2719,79.56,61,0,18.41
362,Lata,PT,4/11/22 15:17,40.1629,-8.3327,59.81,68,84,11.81
363,Doba,TD,4/11/22 15:22,8.65,16.85,100.47,22,81,8.03
364,Guder,ET,4/11/22 15:23,8.9667,37.7667,75.79,33,84,4.38
365,Tautira,PF,4/11/22 15:23,-17.7333,-149.15,79.86,77,29,11.99
366,Longyearbyen,SJ,4/11/22 15:23,78.2186,15.6401,10.24,61,20,14.97
367,Urucui,BR,4/11/22 15:23,-7.2294,-44.5561,93.09,51,5,0.45
368,Thunder Bay,CA,4/11/22 15:22,48.4001,-89.3168,37.29,93,100,11.5
369,Rafaela,AR,4/11/22 15:21,-31.2503,-61.4867,72,57,100,4
370,Palmer,US,4/11/22 15:23,42.1584,-72.3287,54.5,44,20,4.61
371,Victoria,HK,4/11/22 15:21,22.2855,114.1577,79.18,80,0,8.01
372,Esna,EG,4/11/22 15:23,25.2934,32.554,99.5,7,0,18.9
373,Sosnovo-Ozerskoye,RU,4/11/22 15:23,52.5249,111.5418,20.86,86,46,4.81
374,Makaryev,RU,4/11/22 15:23,57.8797,43.8069,54.16,88,100,9.37
375,Reconquista,AR,4/11/22 15:23,-29.15,-59.65,68.13,96,100,5.12
376,Yumen,CN,4/11/22 15:23,40.2833,97.2,49.12,31,78,12.59
377,Kaeo,NZ,4/11/22 15:23,-35.1,173.7833,67.32,87,100,11.27
378,Sao Filipe,CV,4/11/22 15:23,14.8961,-24.4956,72.21,71,55,13.11
379,Shache,CN,4/11/22 15:23,38.4167,77.2406,74.21,13,100,8.39
380,Kambove,CD,4/11/22 15:23,-10.8764,26.5969,69.13,85,73,4.27
381,Alofi,NU,4/11/22 15:23,-19.0595,-169.9187,71.49,100,100,1.14
382,Umm Lajj,SA,4/11/22 15:23,25.0213,37.2685,81.48,50,0,4.34
383,Barranca,PE,4/11/22 15:23,-10.75,-77.7667,69.49,80,92,8.72
384,Maridi,SS,4/11/22 15:23,4.9158,29.4742,83.57,47,81,3.06
385,Ust-Maya,RU,4/11/22 15:23,60.4167,134.5333,23.4,97,100,2.57
386,Qaqortoq,GL,4/11/22 15:23,60.7167,-46.0333,38.39,38,69,6.93
387,San Patricio,US,4/11/22 15:23,28.017,-97.5169,78.89,74,100,18.23
388,Caraballeda,VE,4/11/22 15:23,10.6112,-66.8522,91.87,55,40,3.44
389,Iquique,CL,4/11/22 15:22,-20.2208,-70.1431,68.04,67,6,5.97
390,Gold Coast,AU,4/11/22 15:23,-28,153.4333,71.04,93,40,3.44
391,San Cristobal,VE,4/11/22 15:23,7.7669,-72.225,73.58,48,41,6.89
392,Vladeni,RO,4/11/22 15:23,47.7167,26.5167,51.57,35,20,17.27
393,Marathon,US,4/11/22 15:23,44.9,-89.7668,45.93,65,100,28.77
394,Chhapar,IN,4/11/22 15:23,27.8167,74.4,91.98,10,100,13.62
395,Encruzilhada Do Sul,BR,4/11/22 15:20,-30.5439,-52.5219,64.85,87,100,10.54
396,Khajuraho,IN,4/11/22 15:23,24.85,79.9333,96.31,9,88,3.22
397,Soavinandriana,MG,4/11/22 15:23,-19.1667,46.7333,60.26,78,98,6.62
398,Tromso,NO,4/11/22 15:23,69.6496,18.957,35.38,86,75,12.66
399,Itaituba,BR,4/11/22 15:23,-4.2761,-55.9836,87.96,70,20,5.75
400,Mangrol,IN,4/11/22 15:23,21.1167,70.1167,82.15,75,100,9.37
401,Quatre Cocos,MU,4/11/22 15:23,-20.2078,57.7625,77.11,78,45,18.39
402,Lukuledi,TZ,4/11/22 15:23,-10.5667,38.8,75.2,91,50,3.85
403,Barcelos,PT,4/11/22 15:23,41.5388,-8.6151,60.94,83,74,15.73
404,Mzimba,MW,4/11/22 15:23,-11.9,33.6,69.06,84,70,5.39
405,Maumere,ID,4/11/22 15:23,-8.6199,122.2111,79.32,73,92,5.28
406,Half Moon Bay,US,4/11/22 15:23,37.4636,-122.4286,53.58,92,100,16.11
407,Tukrah,LY,4/11/22 15:23,32.5341,20.5791,59.29,56,0,16.02
408,Kavieng,PG,4/11/22 15:23,-2.5744,150.7967,82.09,76,8,12.37
409,Staritsa,RU,4/11/22 15:23,56.5075,34.9354,40.23,86,100,5.23
410,Tokur,RU,4/11/22 15:24,53.1333,132.9,17.22,97,100,3.42
411,Hirara,JP,4/11/22 15:24,24.8,125.2833,73.83,91,8,14.09
412,Mehamn,NO,4/11/22 15:24,71.0357,27.8492,35.51,89,97,4.36
413,Poronaysk,RU,4/11/22 15:24,49.2167,143.1167,30.85,98,100,7.43
414,Bandarbeyla,SO,4/11/22 15:24,9.4942,50.8122,82.58,70,4,9.78
415,Evanston,US,4/11/22 15:23,42.0411,-87.6901,53.11,53,100,14.97
416,Santa Cruz,BO,4/11/22 15:24,-17.8,-63.1667,85.46,66,75,25.32
417,Atasu,KZ,4/11/22 15:24,48.6814,71.6433,49.71,39,34,16.6
418,Dakoro,NE,4/11/22 15:24,14.5106,6.765,106.9,6,16,5.73
419,Pacific Grove,US,4/11/22 15:24,36.6177,-121.9166,50.67,86,73,8.01
420,Ozinki,RU,4/11/22 15:24,51.1786,49.6769,59.09,59,100,6.42
421,Cartagena,CO,4/11/22 15:23,10.3997,-75.5144,87.42,66,40,3.44
422,Nipawin,CA,4/11/22 15:22,53.3668,-104.0009,17.64,86,100,14.97
423,Kostomuksha,RU,4/11/22 15:24,64.571,30.5767,33.66,82,82,10.89
424,Batemans Bay,AU,4/11/22 15:24,-35.7167,150.1833,61.11,91,100,7.85
425,Yeppoon,AU,4/11/22 15:24,-23.1333,150.7333,71.38,80,10,8.66
426,Antofagasta,CL,4/11/22 15:22,-23.65,-70.4,63.68,63,21,8.55
427,Vieux-Habitants,GP,4/11/22 15:24,16.0589,-61.7659,83.77,64,31,10.51
428,Rizhao,CN,4/11/22 15:24,35.4275,119.4553,64.8,68,85,6.76
429,Xai-Xai,MZ,4/11/22 15:24,-25.0519,33.6442,73.74,87,64,9.24
430,Forssa,FI,4/11/22 15:24,60.8146,23.6215,43.41,78,49,9.04
431,Myaundzha,RU,4/11/22 15:24,63.0494,147.1858,-16.73,100,41,2.51
432,Bachaquero,VE,4/11/22 15:24,9.9694,-71.1494,86.43,62,65,9.57
433,Marawi,PH,4/11/22 15:24,7.9986,124.2928,68.5,91,100,4.81
434,Ust-Ilimsk,RU,4/11/22 15:24,58.0006,102.6619,24.46,98,100,2.33
435,Sakakah,SA,4/11/22 15:24,29.9697,40.2064,96.37,8,76,8.3
436,Mocuba,MZ,4/11/22 15:24,-16.8392,36.9856,76.28,87,79,3.58
437,Abu Kamal,SY,4/11/22 15:24,34.4506,40.9171,89.26,11,0,9.33
438,Sept-Iles,CA,4/11/22 15:24,50.2001,-66.3821,46.92,39,20,16.11
439,Sheridan,US,4/11/22 15:24,44.8333,-106.9173,34.18,59,40,0
440,Havoysund,NO,4/11/22 15:24,70.9963,24.6622,37.63,96,100,20.11
441,Saraland,US,4/11/22 15:24,30.8207,-88.0706,72.09,67,96,8.48
442,Karoi,ZW,4/11/22 15:24,-16.8099,29.6925,69.26,83,95,3.22
443,Canoinhas,BR,4/11/22 15:24,-26.1772,-50.39,74.39,63,92,4.61
444,Marquelia,MX,4/11/22 15:24,16.5833,-98.8167,84.45,54,59,3.15
445,Sao Joao Da Barra,BR,4/11/22 15:24,-21.6403,-41.0511,84.29,66,9,7.67
446,Aras,ES,4/11/22 15:24,42.5617,-2.356,66.61,37,0,26.46
447,Hamilton,US,4/11/22 15:24,39.1834,-84.5333,62.26,83,100,13.8
448,Seoul,KR,4/11/22 15:22,37.5683,126.9778,60.37,94,40,8.05
449,Kahului,US,4/11/22 15:24,20.8947,-156.47,73.85,82,75,11.01
450,Santa Isabel Do Rio Negro,BR,4/11/22 15:24,-0.4139,-65.0192,81.18,80,100,3.06
451,Simao,CN,4/11/22 15:24,22.7886,100.9748,64.31,58,20,1.86
452,Mount Isa,AU,4/11/22 15:21,-20.7333,139.5,83.97,26,12,5.75
453,Kimbe,PG,4/11/22 15:24,-5.5502,150.1429,76.32,93,76,3.18
454,San Jose,US,4/11/22 15:20,37.3394,-121.895,52.93,78,100,12.66
455,Zemio,CF,4/11/22 15:24,5.0314,25.1361,82.81,52,100,5.23
456,Raudeberg,NO,4/11/22 15:25,61.9875,5.1352,43.86,61,97,7.47
457,Brainerd,US,4/11/22 15:22,46.358,-94.2008,43.09,70,0,10.36
458,Rio Grande,BR,4/11/22 15:25,-32.035,-52.0986,75.31,73,100,14.56
459,Oranjemund,NA,4/11/22 15:25,-28.55,16.4333,75.69,44,2,22.55
460,Barsovo,RU,4/11/22 15:25,61.1667,73.1667,41.13,97,77,6.6
461,Rehoboth,NA,4/11/22 15:25,-23.3167,17.0833,86.34,12,0,12.71
462,Kiama,AU,4/11/22 15:25,-34.6833,150.8667,64.38,91,100,3
463,La Orilla,MX,4/11/22 15:25,17.9833,-102.2333,80.37,60,100,3.83
464,Russell,US,4/11/22 15:25,32.3502,-85.1999,66.9,69,40,0
465,Juba,SS,4/11/22 15:25,4.8517,31.5825,79.05,67,70,11.61
466,Pietersburg,ZA,4/11/22 15:25,-23.9045,29.4688,70.65,56,75,6.91
467,Talnakh,RU,4/11/22 15:25,69.4865,88.3972,-4.9,94,6,5.91
468,Broome,US,4/11/22 15:25,42.2506,-75.833,50.47,55,0,6.91
469,Nyurba,RU,4/11/22 15:25,63.2842,118.3319,7.05,98,86,1.12
470,Vani,GE,4/11/22 15:25,42.0832,42.5216,80.29,32,0,2.3
471,Ciudad Del Maiz,MX,4/11/22 15:25,22.4,-99.6,78.6,28,0,5.46
472,Talgar,KZ,4/11/22 15:25,43.3027,77.2395,57.36,67,75,6.71
473,Ulladulla,AU,4/11/22 15:25,-35.35,150.4667,59.9,92,100,11.92
474,Kashi,CN,4/11/22 15:25,39.4547,75.9797,74.41,20,94,4.47
475,Beamsville,CA,4/11/22 15:25,43.1668,-79.4829,50.86,69,100,5.75
476,Bandarban,BD,4/11/22 15:25,22.1965,92.2262,83.91,88,61,4.07
477,Kundiawa,PG,4/11/22 15:25,-6.0167,144.9667,58.17,92,17,4.27
478,Itaunja,IN,4/11/22 15:25,27.0833,80.9167,89.58,8,30,5.26
479,Sao Mateus,BR,4/11/22 15:25,-18.7161,-39.8589,82.13,74,63,6.67
480,Barabai,ID,4/11/22 15:25,-2.5833,115.3833,75.04,94,72,1.3
481,Flinders,AU,4/11/22 15:25,-34.5833,150.8552,64.18,88,100,5.99
482,Sabang,ID,4/11/22 15:25,5.8933,95.3214,84.36,67,100,5.75
483,Obo,CF,4/11/22 15:25,5.3998,26.4869,76.71,66,100,2.06
484,Mayo,US,4/11/22 15:25,38.8876,-76.5119,57.36,50,0,9.22
485,Acapulco,MX,4/11/22 15:22,16.8634,-99.8901,82.22,61,40,3.44
486,Eyl,SO,4/11/22 15:25,7.9803,49.8164,82.76,72,3,12.55
487,Shinpokh,PK,4/11/22 15:25,34.3292,71.1782,87.21,16,68,4.65
488,Goulburn,AU,4/11/22 15:25,-34.75,149.7167,55.09,98,47,6.46
489,Leshan,CN,4/11/22 15:23,29.5623,103.7639,65.68,93,100,10.4
490,Camacha,PT,4/11/22 15:25,33.0833,-16.3333,62.02,63,40,16.11
491,Betare Oya,CM,4/11/22 15:25,5.6,14.0833,90.59,32,91,6.11
492,Kloulklubed,PW,4/11/22 15:24,7.0419,134.2556,81.1,85,100,24.81
493,Asheboro,US,4/11/22 15:26,35.7079,-79.8136,70.95,39,0,10.36
494,Presidencia Roque Saenz Pena,AR,4/11/22 15:26,-26.7852,-60.4388,73.67,91,100,3.83
495,The Valley,AI,4/11/22 15:26,18.217,-63.0578,83.1,94,75,3.44
496,Balkanabat,TM,4/11/22 15:26,39.5108,54.3671,74.88,37,5,6.87
497,Richards Bay,ZA,4/11/22 15:26,-28.783,32.0377,68.14,95,100,4.18
498,Vilhena,BR,4/11/22 15:26,-12.7406,-60.1458,80.82,74,75,10.36
499,Loubomo,CG,4/11/22 15:26,-4.1997,12.6739,73.85,93,100,2.21
500,Sisimiut,GL,4/11/22 15:26,66.9395,-53.6735,32.43,62,100,7.16
501,Longhua,CN,4/11/22 15:26,23.6137,114.1919,75.06,64,0,2.59
502,Masagua,GT,4/11/22 15:26,14.2031,-90.8481,88.36,45,67,4.23
503,Naco,MX,4/11/22 15:27,31.3347,-109.9483,62.76,55,6,14.74
504,Kamaishi,JP,4/11/22 15:26,39.2667,141.8833,54.34,72,96,7.56
505,Pundaguitan,PH,4/11/22 15:27,6.3711,126.1689,82.74,80,100,15.26
506,Kilindoni,TZ,4/11/22 15:27,-7.9139,39.6668,83.61,74,26,14.12
507,Arlit,NE,4/11/22 15:27,18.7369,7.3853,108.09,4,0,7.96
508,Mokokchung,IN,4/11/22 15:27,26.3333,94.5333,56.8,92,7,2.8
509,Ayolas,PY,4/11/22 15:27,-27.4,-56.9,73.06,93,98,10.33
510,Alta Floresta,BR,4/11/22 15:27,-9.8756,-56.0861,89.42,66,40,3.44
511,Kieta,PG,4/11/22 15:27,-6.2167,155.6333,79.61,82,18,1.88
512,Nunkini,MX,4/11/22 15:27,20.3333,-90.1833,82.99,48,6,10.71
513,Haines Junction,CA,4/11/22 15:27,60.7522,-137.5108,19.35,58,100,4.61
514,Lashio,MM,4/11/22 15:27,22.9333,97.75,71.49,54,72,5.08
515,Gushikawa,JP,4/11/22 15:27,26.3544,127.8686,72.99,91,20,12.66
516,Deming,US,4/11/22 15:27,32.2687,-107.7586,60.69,39,0,9.22
517,Weihe,CN,4/11/22 15:27,32.9952,105.3247,48.2,87,100,5.99
518,Kamina,CD,4/11/22 15:27,-8.7386,24.9906,77.68,70,30,4.61
519,Sanming,CN,4/11/22 15:27,26.2486,117.6186,71.83,61,0,2.01
520,Bykovo,RU,4/11/22 15:27,55.6361,38.0803,39.61,93,75,11.18
521,Chernukha,RU,4/11/22 15:27,55.5974,43.7556,58.48,72,100,8.84
522,Abashiri,JP,4/11/22 15:27,44.0213,144.2697,42.94,92,100,9.55
523,Donduseni,MD,4/11/22 15:27,48.2427,27.6101,48.69,35,100,15.86
524,Bubaque,GW,4/11/22 15:27,11.2833,-15.8333,77.4,65,14,12.01
525,Istok,XK,4/11/22 15:27,42.7808,20.4875,51.71,39,82,7.09
526,Leningradskiy,RU,4/11/22 15:27,69.3833,178.4167,-14.4,99,100,3.62
527,Suhbaatar,MN,4/11/22 15:27,50.2314,106.2078,35.83,49,100,9.01
528,Sertaozinho,BR,4/11/22 15:24,-21.1378,-47.9903,87.91,44,36,4.18
529,Emba,KZ,4/11/22 15:27,48.8264,58.1442,58.69,60,88,3.29
530,Shelburne,CA,4/11/22 15:27,44.0787,-80.2041,39.6,83,100,17.36
531,Merrill,US,4/11/22 15:27,45.1805,-89.6835,44.78,66,100,24.16
532,Hay River,CA,4/11/22 15:22,60.8156,-115.7999,10.38,79,75,12.66
533,Kivsharivka,UA,4/11/22 15:27,49.6213,37.7036,67.42,48,100,8.55
534,Svelgen,NO,4/11/22 15:27,61.7685,5.2955,44.19,73,97,6.24
535,Suntar,RU,4/11/22 15:27,62.1444,117.6319,15.73,99,99,1.79
536,Misratah,LY,4/11/22 15:27,32.3754,15.0925,64.42,50,7,12.35
537,Havre-Saint-Pierre,CA,4/11/22 15:27,50.2334,-63.5986,46.76,49,100,16.11
538,Cap Malheureux,MU,4/11/22 15:27,-19.9842,57.6142,75.47,87,9,4
539,Gacko,BA,4/11/22 15:27,43.1672,18.5353,43.36,59,26,3.74
540,Montecristi,EC,4/11/22 15:27,-1.05,-80.6667,80.42,78,40,0
541,Houma,US,4/11/22 15:27,29.5958,-90.7195,75,79,75,13.8
542,Kozhva,RU,4/11/22 15:27,65.1073,57.0459,36.16,99,100,9.15
543,Lola,GN,4/11/22 15:27,7.8,-8.5333,95.43,35,96,2.71
544,Moussoro,TD,4/11/22 15:27,13.6408,16.4901,107.76,7,52,7.72
545,Constitucion,CL,4/11/22 15:27,-35.3333,-72.4167,57.94,53,30,7.72
546,Margate,GB,4/11/22 15:27,51.3813,1.3862,62.11,60,100,5.01
547,Vila,PT,4/11/22 15:28,42.0304,-8.1588,48.7,87,100,8.25
548,Bahia Honda,CU,4/11/22 15:28,22.9036,-83.1592,80.11,47,1,12.5
549,Walla Walla,US,4/11/22 15:27,46.0646,-118.343,42.85,74,100,11.5
550,Kupang,ID,4/11/22 15:28,-10.1667,123.5833,77.23,82,48,5.46
551,Jos,NG,4/11/22 15:28,9.9167,8.9,91.85,17,98,7.16
552,Irbil,IQ,4/11/22 15:28,36.1926,44.0106,82.22,17,64,11.5
553,Axim,GH,4/11/22 15:28,4.8699,-2.2405,86.54,66,63,10.54
554,Gualeguay,AR,4/11/22 15:28,-33.1416,-59.3097,70.3,89,98,8.84
555,San Policarpo,PH,4/11/22 15:28,12.1791,125.5072,77.34,93,97,7.16
556,Grand Gaube,MU,4/11/22 15:28,-20.0064,57.6608,77.4,87,10,4
557,Quartucciu,IT,4/11/22 15:28,39.2519,9.1794,64.58,60,0,17.27
558,Pinega,RU,4/11/22 15:28,64.7001,43.3936,40.44,87,72,10
559,Krotoszyn,PL,4/11/22 15:28,51.6987,17.4374,55.54,43,85,9.91
560,Mount Gambier,AU,4/11/22 15:28,-37.8333,140.7667,44.51,87,93,0
561,Honningsvag,NO,4/11/22 15:28,70.9821,25.9704,37.15,87,100,12.66
562,Anqing,CN,4/11/22 15:28,30.5092,117.0506,74.89,57,0,2.68
563,Leticia,CO,4/11/22 15:28,-4.2153,-69.9406,82.45,83,75,2.3
564,Cabinda,AO,4/11/22 15:28,-5.55,12.2,81.21,80,98,5.93
565,Stephenville,US,4/11/22 15:28,32.2207,-98.2023,75.99,69,75,16.11
566,Corrente,BR,4/11/22 15:28,-3.7367,-43.3394,84.54,72,100,3.18
567,Davila,PH,4/11/22 15:28,18.4726,120.5763,78.78,83,100,8.99
568,Iqaluit,CA,4/11/22 15:28,63.7506,-68.5145,17.33,72,20,15.01
569,Bucerias,MX,4/11/22 15:25,20.75,-105.3333,75.18,73,0,0